big,small
Science and Engineering Group,Computers, Mathematics and Statistics
Science and Engineering Group,Biological, Agricultural, and Environmental Sciences
Science and Engineering Group,Physical and Related Science
Science and Engineering Group,Psychology
Science and Engineering Group,Social Science
Science and Engineering Group,Engineering
Science and Engineering Group,Multidisciplinary Studies
Science and Engineering Related Fields,Science and Engineering Related Fields
Business,Business
Education,Education
Arts Humanities and Other,Literature and Languages
Arts Humanities and Other,Liberal Arts and History
Arts Humanities and Other,Visual and Performing Arts
Arts Humanities and Other,Communications
Arts Humanities and Other,Other
